{
    "VSR1000": {
        "interfaces": [
            {
                "ifDescr": "GigabitEthernet0/0",
                "index": 47,
                "last_ifHCInOctets": 693,
                "last_ifHCOutOctets": 294,
                "last_timestamp": 1561035811,
                "stats": [
                    {
                        "InSpeed": 31500,
                        "OutSpeed": 14200,
                        "time": "2019-06-20:15:03:23"
                    }
                ],
                "utilization": 0
            }
        ]
    }
}