{
    "VSR1000": [
        {
            "ifAdminStatus": "up",
            "ifDescr": "GigabitEthernet1/0",
            "ifMtu": "1500",
            "ifOperStatus": "up",
            "ifPhysAddress": "08:00:27:07:f1:46",
            "ifSpeed": "1000000000",
            "ifType": "ethernetCsmacd",
            "index": 17
        },
        {
            "ifAdminStatus": "up",
            "ifDescr": "NULL0",
            "ifMtu": "1500",
            "ifOperStatus": "up",
            "ifPhysAddress": "00:00:00:00:00:00",
            "ifSpeed": "1000000000",
            "ifType": "other",
            "index": 531
        },
        {
            "ifAdminStatus": "up",
            "ifDescr": "Register-Tunnel0",
            "ifMtu": "1536",
            "ifOperStatus": "up",
            "ifPhysAddress": "00:00:00:00:00:00",
            "ifSpeed": "0",
            "ifType": "other",
            "index": 533
        }
    ],
    "VSR1000-2": [
        {
            "ifAdminStatus": "up",
            "ifDescr": "GigabitEthernet1/0",
            "ifMtu": "1500",
            "ifOperStatus": "up",
            "ifPhysAddress": "08:00:27:7f:e2:2b",
            "ifSpeed": "1000000000",
            "ifType": "ethernetCsmacd",
            "index": 17
        },
        {
            "ifAdminStatus": "up",
            "ifDescr": "NULL0",
            "ifMtu": "1500",
            "ifOperStatus": "up",
            "ifPhysAddress": "00:00:00:00:00:00",
            "ifSpeed": "1000000000",
            "ifType": "other",
            "index": 531
        },
        {
            "ifAdminStatus": "up",
            "ifDescr": "Register-Tunnel0",
            "ifMtu": "1536",
            "ifOperStatus": "up",
            "ifPhysAddress": "00:00:00:00:00:00",
            "ifSpeed": "0",
            "ifType": "other",
            "index": 533
        }
    ],
    "VSR1000-3": [
        {
            "ifAdminStatus": "up",
            "ifDescr": "GigabitEthernet1/0",
            "ifMtu": "1500",
            "ifOperStatus": "up",
            "ifPhysAddress": "08:00:27:e2:da:20",
            "ifSpeed": "1000000000",
            "ifType": "ethernetCsmacd",
            "index": 17
        },
        {
            "ifAdminStatus": "up",
            "ifDescr": "NULL0",
            "ifMtu": "1500",
            "ifOperStatus": "up",
            "ifPhysAddress": "00:00:00:00:00:00",
            "ifSpeed": "1000000000",
            "ifType": "other",
            "index": 531
        },
        {
            "ifAdminStatus": "up",
            "ifDescr": "Register-Tunnel0",
            "ifMtu": "1536",
            "ifOperStatus": "up",
            "ifPhysAddress": "00:00:00:00:00:00",
            "ifSpeed": "0",
            "ifType": "other",
            "index": 533
        }
    ]
}