{
    "links": [
        {
            "highest_utilization": 0,
            "source": "usplnDSECSN1Lab001",
            "source_interfaces": [
                "GigabitEthernet1/2/0/1"
            ],
            "source_interfaces_indes": [
                105
            ],
            "speed": "1",
            "target": "usplnDSECSN1Lab001",
            "target_interfaces": [],
            "target_interfaces_indes": []
        },
        {
            "highest_utilization": 0,
            "source": "usplnDSECSN1Lab001",
            "source_interfaces": [
                "Ten-GigabitEthernet2/3/0/9"
            ],
            "source_interfaces_indes": [
                1673
            ],
            "speed": "10",
            "target": "usplnDSECSLab001",
            "target_interfaces": [],
            "target_interfaces_indes": []
        },
        {
            "highest_utilization": 0,
            "source": "usplnDSECSN1Lab001",
            "source_interfaces": [
                "Ten-GigabitEthernet2/3/0/12"
            ],
            "source_interfaces_indes": [
                1676
            ],
            "speed": "10",
            "target": "usplnACECSN1Lab015",
            "target_interfaces": [],
            "target_interfaces_indes": []
        },
        {
            "highest_utilization": 0,
            "source": "usplnDSECSN1Lab001",
            "source_interfaces": [
                "Ten-GigabitEthernet2/3/0/16"
            ],
            "source_interfaces_indes": [
                1680
            ],
            "speed": "10",
            "target": "usplnACECSN1Lab013",
            "target_interfaces": [
                "Ten-GigabitEthernet1/0/51",
                "Ten-GigabitEthernet1/0/49",
                "Ten-GigabitEthernet2/0/51",
                "Ten-GigabitEthernet2/0/49"
            ],
            "target_interfaces_indes": [
                51,
                49,
                140,
                138
            ]
        },
        {
            "highest_utilization": 0,
            "source": "usplnDSECSN1Lab001",
            "source_interfaces": [
                "Ten-GigabitEthernet2/3/0/17"
            ],
            "source_interfaces_indes": [
                1681
            ],
            "speed": "10",
            "target": "USPLNL2ecsN1Lab001",
            "target_interfaces": [
                "Ten-GigabitEthernet1/0/7:1",
                "Ten-GigabitEthernet1/0/7:2",
                "Ten-GigabitEthernet1/0/7:3",
                "Ten-GigabitEthernet1/0/7:4",
                "Ten-GigabitEthernet1/0/8:1",
                "Ten-GigabitEthernet1/0/8:2",
                "Ten-GigabitEthernet2/0/7:1",
                "Ten-GigabitEthernet2/0/7:2",
                "Ten-GigabitEthernet1/0/8:3",
                "Ten-GigabitEthernet2/0/7:3",
                "Ten-GigabitEthernet1/0/8:4",
                "Ten-GigabitEthernet2/0/7:4",
                "Ten-GigabitEthernet2/0/8:3",
                "Ten-GigabitEthernet2/0/8:1",
                "Ten-GigabitEthernet2/0/8:2",
                "Ten-GigabitEthernet2/0/8:4"
            ],
            "target_interfaces_indes": [
                16,
                17,
                18,
                19,
                21,
                22,
                177,
                178,
                23,
                179,
                24,
                180,
                184,
                182,
                183,
                185
            ]
        },
        {
            "highest_utilization": 0,
            "source": "usplnDSECSN1Lab001",
            "source_interfaces": [
                "Ten-GigabitEthernet2/3/0/19"
            ],
            "source_interfaces_indes": [
                1683
            ],
            "speed": "10",
            "target": "usplnacecsN1Lab027",
            "target_interfaces": [],
            "target_interfaces_indes": []
        },
        {
            "highest_utilization": 0,
            "source": "usplnDSECSN1Lab001",
            "source_interfaces": [
                "Ten-GigabitEthernet2/3/0/20"
            ],
            "source_interfaces_indes": [
                1684
            ],
            "speed": "10",
            "target": "usplnACECSN1Lab017",
            "target_interfaces": [],
            "target_interfaces_indes": []
        },
        {
            "highest_utilization": 0,
            "source": "usplnDSECSN1Lab001",
            "source_interfaces": [
                "Ten-GigabitEthernet2/3/0/25"
            ],
            "source_interfaces_indes": [
                1689
            ],
            "speed": "10",
            "target": "D5-T08-U12-ICB-1",
            "target_interfaces": [],
            "target_interfaces_indes": []
        },
        {
            "highest_utilization": 0,
            "source": "usplnDSECSN1Lab001",
            "source_interfaces": [
                "Ten-GigabitEthernet2/3/0/23"
            ],
            "source_interfaces_indes": [
                1687
            ],
            "speed": "10",
            "target": "D5-T08-U01-ICB02",
            "target_interfaces": [],
            "target_interfaces_indes": []
        },
        {
            "highest_utilization": 0,
            "source": "usplnDSECSN1Lab001",
            "source_interfaces": [
                "Ten-GigabitEthernet1/3/0/23"
            ],
            "source_interfaces_indes": [
                179
            ],
            "speed": "10",
            "target": "D5-T08-U01-ICB01",
            "target_interfaces": [],
            "target_interfaces_indes": []
        },
        {
            "highest_utilization": 0,
            "source": "usplnDSECSN1Lab001",
            "source_interfaces": [
                "Ten-GigabitEthernet2/3/0/31"
            ],
            "source_interfaces_indes": [
                1695
            ],
            "speed": "10",
            "target": "usplnACECSN1Lab019",
            "target_interfaces": [],
            "target_interfaces_indes": []
        },
        {
            "highest_utilization": 0,
            "source": "usplnDSECSN1Lab001",
            "source_interfaces": [
                "Ten-GigabitEthernet2/3/0/32"
            ],
            "source_interfaces_indes": [
                1696
            ],
            "speed": "10",
            "target": "usplnACECSN1Lab023",
            "target_interfaces": [],
            "target_interfaces_indes": []
        },
        {
            "highest_utilization": 0,
            "source": "usplnDSECSN1Lab001",
            "source_interfaces": [
                "Ten-GigabitEthernet1/4/0/20"
            ],
            "source_interfaces_indes": [
                228
            ],
            "speed": "10",
            "target": "usplnACECSN1Lab021",
            "target_interfaces": [],
            "target_interfaces_indes": []
        },
        {
            "highest_utilization": 0,
            "source": "usplnDSECSN1Lab001",
            "source_interfaces": [
                "Ten-GigabitEthernet2/3/0/15"
            ],
            "source_interfaces_indes": [
                1679
            ],
            "speed": "10",
            "target": "usplnDSECSN1sLAB001",
            "target_interfaces": [],
            "target_interfaces_indes": []
        },
        {
            "highest_utilization": 0,
            "source": "usplnDSECSN1Lab001",
            "source_interfaces": [
                "Ten-GigabitEthernet2/4/0/3"
            ],
            "source_interfaces_indes": [
                1719
            ],
            "speed": "10",
            "target": "usplnACECSN1Lab011",
            "target_interfaces": [
                "Ten-GigabitEthernet1/0/1",
                "Ten-GigabitEthernet1/0/2",
                "Ten-GigabitEthernet2/0/1",
                "Ten-GigabitEthernet2/0/2"
            ],
            "target_interfaces_indes": [
                1,
                2,
                90,
                91
            ]
        },
        {
            "highest_utilization": 0,
            "source": "usplnDSECSN1Lab001",
            "source_interfaces": [
                "Ten-GigabitEthernet1/4/0/8"
            ],
            "source_interfaces_indes": [
                216
            ],
            "speed": "10",
            "target": "usplnACECSN1Lab009",
            "target_interfaces": [
                "Ten-GigabitEthernet1/0/1",
                "Ten-GigabitEthernet1/0/2",
                "Ten-GigabitEthernet2/0/1",
                "Ten-GigabitEthernet2/0/2"
            ],
            "target_interfaces_indes": [
                1,
                2,
                90,
                91
            ]
        },
        {
            "highest_utilization": 0,
            "source": "usplnDSECSN1Lab001",
            "source_interfaces": [
                "Ten-GigabitEthernet2/4/0/2"
            ],
            "source_interfaces_indes": [
                1718
            ],
            "speed": "10",
            "target": "plnSandDS101",
            "target_interfaces": [],
            "target_interfaces_indes": []
        },
        {
            "highest_utilization": 0,
            "source": "usplnDSECSN1Lab001",
            "source_interfaces": [
                "Ten-GigabitEthernet2/4/0/5"
            ],
            "source_interfaces_indes": [
                1721
            ],
            "speed": "10",
            "target": "usplnACECSN1Lab007",
            "target_interfaces": [
                "Ten-GigabitEthernet1/1/3",
                "Ten-GigabitEthernet1/2/2",
                "Ten-GigabitEthernet2/1/3",
                "Ten-GigabitEthernet2/2/2"
            ],
            "target_interfaces_indes": [
                55,
                70,
                144,
                159
            ]
        },
        {
            "highest_utilization": 0,
            "source": "usplnDSECSN1Lab001",
            "source_interfaces": [
                "Ten-GigabitEthernet1/3/0/8"
            ],
            "source_interfaces_indes": [
                164
            ],
            "speed": "10",
            "target": "usplnACECSN1Lab003",
            "target_interfaces": [
                "Ten-GigabitEthernet1/1/1",
                "Ten-GigabitEthernet1/2/2",
                "Ten-GigabitEthernet2/1/1",
                "Ten-GigabitEthernet2/2/2"
            ],
            "target_interfaces_indes": [
                53,
                70,
                142,
                159
            ]
        },
        {
            "highest_utilization": 0,
            "source": "usplnDSECSN1Lab001",
            "source_interfaces": [
                "Ten-GigabitEthernet2/3/0/6"
            ],
            "source_interfaces_indes": [
                1670
            ],
            "speed": "10",
            "target": "usplnACECSN1Lab005",
            "target_interfaces": [
                "Ten-GigabitEthernet1/1/1",
                "Ten-GigabitEthernet1/2/2",
                "Ten-GigabitEthernet2/1/1",
                "Ten-GigabitEthernet2/2/4"
            ],
            "target_interfaces_indes": [
                53,
                70,
                142,
                161
            ]
        },
        {
            "highest_utilization": 0,
            "source": "usplnDSECSN1Lab001",
            "source_interfaces": [
                "Ten-GigabitEthernet2/4/0/4"
            ],
            "source_interfaces_indes": [
                1720
            ],
            "speed": "10",
            "target": "usplnACECSN1Lab001",
            "target_interfaces": [
                "Ten-GigabitEthernet1/1/1",
                "Ten-GigabitEthernet1/2/2",
                "Ten-GigabitEthernet2/1/1",
                "Ten-GigabitEthernet2/2/2"
            ],
            "target_interfaces_indes": [
                53,
                70,
                142,
                159
            ]
        },
        {
            "highest_utilization": 0,
            "source": "usplnACECSN1Lab001",
            "source_interfaces": [
                "Ten-GigabitEthernet1/1/3"
            ],
            "source_interfaces_indes": [
                55
            ],
            "speed": "10",
            "target": "D5-T013-U22-ICB02",
            "target_interfaces": [],
            "target_interfaces_indes": []
        },
        {
            "highest_utilization": 0,
            "source": "usplnACECSN1Lab001",
            "source_interfaces": [
                "Ten-GigabitEthernet1/1/2"
            ],
            "source_interfaces_indes": [
                54
            ],
            "speed": "10",
            "target": "D5-T013-U22-ICB01",
            "target_interfaces": [],
            "target_interfaces_indes": []
        },
        {
            "highest_utilization": 0,
            "source": "usplnACECSN1Lab001",
            "source_interfaces": [
                "Ten-GigabitEthernet1/2/3"
            ],
            "source_interfaces_indes": [
                71
            ],
            "speed": "1",
            "target": "D5-T09-U12-ICB05",
            "target_interfaces": [],
            "target_interfaces_indes": []
        },
        {
            "highest_utilization": 0,
            "source": "usplnACECSN1Lab001",
            "source_interfaces": [
                "Ten-GigabitEthernet1/2/4"
            ],
            "source_interfaces_indes": [
                72
            ],
            "speed": "1",
            "target": "D5-T09-U12-ICB06",
            "target_interfaces": [],
            "target_interfaces_indes": []
        },
        {
            "highest_utilization": 0,
            "source": "usplnACECSN1Lab003",
            "source_interfaces": [
                "GigabitEthernet2/0/31"
            ],
            "source_interfaces_indes": [
                120
            ],
            "speed": "1",
            "target": "USPLNACECSN1Lab029",
            "target_interfaces": [],
            "target_interfaces_indes": []
        },
        {
            "highest_utilization": 0,
            "source": "usplnACECSN1Lab003",
            "source_interfaces": [
                "GigabitEthernet1/0/1"
            ],
            "source_interfaces_indes": [
                1
            ],
            "speed": "1",
            "target": "",
            "target_interfaces": [],
            "target_interfaces_indes": []
        },
        {
            "highest_utilization": 0,
            "source": "usplnACECSN1Lab005",
            "source_interfaces": [
                "Ten-GigabitEthernet1/1/2"
            ],
            "source_interfaces_indes": [
                54
            ],
            "speed": "10",
            "target": "D5-T17-U01-ICB-1",
            "target_interfaces": [],
            "target_interfaces_indes": []
        },
        {
            "highest_utilization": 0,
            "source": "usplnACECSN1Lab005",
            "source_interfaces": [
                "Ten-GigabitEthernet1/1/3"
            ],
            "source_interfaces_indes": [
                55
            ],
            "speed": "10",
            "target": "D5-T17-U01-ICB-2",
            "target_interfaces": [],
            "target_interfaces_indes": []
        },
        {
            "highest_utilization": 0,
            "source": "usplnACECSN1Lab007",
            "source_interfaces": [
                "Ten-GigabitEthernet1/1/1"
            ],
            "source_interfaces_indes": [
                53
            ],
            "speed": "10",
            "target": "USPLNACECSN1-SAP900-01",
            "target_interfaces": [],
            "target_interfaces_indes": []
        },
        {
            "highest_utilization": 0,
            "source": "usplnACECSN1Lab009",
            "source_interfaces": [
                "Ten-GigabitEthernet1/0/3"
            ],
            "source_interfaces_indes": [
                3
            ],
            "speed": "1",
            "target": "D5-T012-U11-ICB05",
            "target_interfaces": [],
            "target_interfaces_indes": []
        },
        {
            "highest_utilization": 0,
            "source": "usplnACECSN1Lab009",
            "source_interfaces": [
                "Ten-GigabitEthernet1/0/6"
            ],
            "source_interfaces_indes": [
                6
            ],
            "speed": "1",
            "target": "D5-T012-U11-ICB02",
            "target_interfaces": [],
            "target_interfaces_indes": []
        },
        {
            "highest_utilization": 0,
            "source": "usplnACECSN1Lab009",
            "source_interfaces": [
                "Ten-GigabitEthernet1/0/5"
            ],
            "source_interfaces_indes": [
                5
            ],
            "speed": "1",
            "target": "D5-T012-U11-ICB01",
            "target_interfaces": [],
            "target_interfaces_indes": []
        },
        {
            "highest_utilization": 0,
            "source": "usplnACECSN1Lab009",
            "source_interfaces": [
                "Ten-GigabitEthernet1/0/4"
            ],
            "source_interfaces_indes": [
                4
            ],
            "speed": "1",
            "target": "D5-T012-U11-ICB06",
            "target_interfaces": [],
            "target_interfaces_indes": []
        },
        {
            "highest_utilization": 0,
            "source": "usplnACECSN1Lab009",
            "source_interfaces": [
                "Ten-GigabitEthernet1/0/7"
            ],
            "source_interfaces_indes": [
                7
            ],
            "speed": "1",
            "target": "D5-T011-U12-ICB01",
            "target_interfaces": [],
            "target_interfaces_indes": []
        },
        {
            "highest_utilization": 0,
            "source": "usplnACECSN1Lab009",
            "source_interfaces": [
                "Ten-GigabitEthernet1/0/8"
            ],
            "source_interfaces_indes": [
                8
            ],
            "speed": "1",
            "target": "D5-T011-U12-ICB02",
            "target_interfaces": [],
            "target_interfaces_indes": []
        },
        {
            "highest_utilization": 0,
            "source": "usplnACECSN1Lab009",
            "source_interfaces": [
                "Ten-GigabitEthernet1/0/9"
            ],
            "source_interfaces_indes": [
                9
            ],
            "speed": "1",
            "target": "D5-T011-U12-ICB05",
            "target_interfaces": [],
            "target_interfaces_indes": []
        },
        {
            "highest_utilization": 0,
            "source": "usplnACECSN1Lab009",
            "source_interfaces": [
                "Ten-GigabitEthernet1/0/15"
            ],
            "source_interfaces_indes": [
                15
            ],
            "speed": "1",
            "target": "D5-T011-U12-ICB06",
            "target_interfaces": [],
            "target_interfaces_indes": []
        },
        {
            "highest_utilization": 0,
            "source": "usplnACECSN1Lab009",
            "source_interfaces": [
                "Ten-GigabitEthernet1/0/19"
            ],
            "source_interfaces_indes": [
                19
            ],
            "speed": "1",
            "target": "D5-T011-U01-ICB01",
            "target_interfaces": [],
            "target_interfaces_indes": []
        },
        {
            "highest_utilization": 0,
            "source": "usplnACECSN1Lab009",
            "source_interfaces": [
                "Ten-GigabitEthernet1/0/21"
            ],
            "source_interfaces_indes": [
                21
            ],
            "speed": "1",
            "target": "D5-T012-U01-ICB01",
            "target_interfaces": [],
            "target_interfaces_indes": []
        },
        {
            "highest_utilization": 0,
            "source": "usplnACECSN1Lab009",
            "source_interfaces": [
                "Ten-GigabitEthernet2/0/20"
            ],
            "source_interfaces_indes": [
                109
            ],
            "speed": "1",
            "target": "D5-T011-U01-ICB02",
            "target_interfaces": [],
            "target_interfaces_indes": []
        },
        {
            "highest_utilization": 0,
            "source": "usplnACECSN1Lab009",
            "source_interfaces": [
                "Ten-GigabitEthernet1/0/22"
            ],
            "source_interfaces_indes": [
                22
            ],
            "speed": "1",
            "target": "D5-T012-U01-ICB02",
            "target_interfaces": [],
            "target_interfaces_indes": []
        },
        {
            "highest_utilization": 0,
            "source": "usplnACECSN1Lab011",
            "source_interfaces": [
                "Ten-GigabitEthernet1/0/7"
            ],
            "source_interfaces_indes": [
                7
            ],
            "speed": "1",
            "target": "VCEX3C40460010 SERIAL NO:3C40460010 BAY:2",
            "target_interfaces": [],
            "target_interfaces_indes": []
        },
        {
            "highest_utilization": 0,
            "source": "usplnACECSN1Lab011",
            "source_interfaces": [
                "Ten-GigabitEthernet1/0/10"
            ],
            "source_interfaces_indes": [
                10
            ],
            "speed": "1",
            "target": "VCEX3C4138015X SERIAL NO:3C4138015X BAY:1",
            "target_interfaces": [],
            "target_interfaces_indes": []
        },
        {
            "highest_utilization": 0,
            "source": "usplnACECSN1Lab011",
            "source_interfaces": [
                "Ten-GigabitEthernet1/0/16"
            ],
            "source_interfaces_indes": [
                16
            ],
            "speed": "1",
            "target": "VCEX3C4138015G SERIAL NO:3C4138015G BAY:2",
            "target_interfaces": [],
            "target_interfaces_indes": []
        },
        {
            "highest_utilization": 0,
            "source": "usplnACECSN1Lab011",
            "source_interfaces": [
                "Ten-GigabitEthernet1/0/17"
            ],
            "source_interfaces_indes": [
                17
            ],
            "speed": "1",
            "target": "VCEX3C40460021 SERIAL NO:3C40460021 BAY:1",
            "target_interfaces": [],
            "target_interfaces_indes": []
        },
        {
            "highest_utilization": 0,
            "source": "usplnACECSN1Lab011",
            "source_interfaces": [
                "Ten-GigabitEthernet1/0/9"
            ],
            "source_interfaces_indes": [
                9
            ],
            "speed": "1",
            "target": "D5-T013-U11-ICB02",
            "target_interfaces": [],
            "target_interfaces_indes": []
        },
        {
            "highest_utilization": 0,
            "source": "usplnACECSN1Lab011",
            "source_interfaces": [
                "Ten-GigabitEthernet1/0/12"
            ],
            "source_interfaces_indes": [
                12
            ],
            "speed": "1",
            "target": "D5-T013-U11-ICB01",
            "target_interfaces": [],
            "target_interfaces_indes": []
        },
        {
            "highest_utilization": 0,
            "source": "usplnACECSN1Lab011",
            "source_interfaces": [
                "Ten-GigabitEthernet1/0/11"
            ],
            "source_interfaces_indes": [
                11
            ],
            "speed": "1",
            "target": "D5-T013-U01-ICB01",
            "target_interfaces": [],
            "target_interfaces_indes": []
        },
        {
            "highest_utilization": 0,
            "source": "usplnACECSN1Lab011",
            "source_interfaces": [
                "Ten-GigabitEthernet1/0/15"
            ],
            "source_interfaces_indes": [
                15
            ],
            "speed": "1",
            "target": "D5-T013-U01-ICB02",
            "target_interfaces": [],
            "target_interfaces_indes": []
        },
        {
            "highest_utilization": 0,
            "source": "USPLNL2ecsN1Lab001",
            "source_interfaces": [
                "FortyGigE1/0/1"
            ],
            "source_interfaces_indes": [
                1
            ],
            "speed": "40",
            "target": "USPLNL3N1Lab001",
            "target_interfaces": [],
            "target_interfaces_indes": []
        },
        {
            "highest_utilization": 0,
            "source": "USPLNL2ecsN1Lab001",
            "source_interfaces": [
                "FortyGigE1/0/2"
            ],
            "source_interfaces_indes": [
                2
            ],
            "speed": "40",
            "target": "USPLNL3N1Lab002",
            "target_interfaces": [],
            "target_interfaces_indes": []
        },
        {
            "highest_utilization": 0,
            "source": "USPLNL2ecsN1Lab001",
            "source_interfaces": [
                "FortyGigE1/0/5"
            ],
            "source_interfaces_indes": [
                5
            ],
            "speed": "40",
            "target": "usplnecsN1Lab055",
            "target_interfaces": [],
            "target_interfaces_indes": []
        },
        {
            "highest_utilization": 0,
            "source": "USPLNL2ecsN1Lab001",
            "source_interfaces": [
                "FortyGigE1/0/3"
            ],
            "source_interfaces_indes": [
                3
            ],
            "speed": "40",
            "target": "USPLNDPecsN1Lab001",
            "target_interfaces": [],
            "target_interfaces_indes": []
        }
    ],
    "nodes": [
        {
            "group": "3",
            "id": "usplnDSECSN1Lab001",
            "image": "DS.png"
        },
        {
            "group": "3",
            "id": "usplnDSECSLab001",
            "image": "DS.png"
        },
        {
            "group": "2",
            "id": "usplnACECSN1Lab015",
            "image": "AC.png"
        },
        {
            "group": "2",
            "id": "usplnACECSN1Lab013",
            "image": "AC.png"
        },
        {
            "group": "4",
            "id": "USPLNL2ecsN1Lab001",
            "image": "L2.png"
        },
        {
            "group": "1",
            "id": "usplnacecsN1Lab027",
            "image": "default.png"
        },
        {
            "group": "2",
            "id": "usplnACECSN1Lab017",
            "image": "AC.png"
        },
        {
            "group": "1",
            "id": "D5-T08-U12-ICB-1",
            "image": "default.png"
        },
        {
            "group": "1",
            "id": "D5-T08-U01-ICB02",
            "image": "default.png"
        },
        {
            "group": "1",
            "id": "D5-T08-U01-ICB01",
            "image": "default.png"
        },
        {
            "group": "2",
            "id": "usplnACECSN1Lab019",
            "image": "AC.png"
        },
        {
            "group": "2",
            "id": "usplnACECSN1Lab023",
            "image": "AC.png"
        },
        {
            "group": "2",
            "id": "usplnACECSN1Lab021",
            "image": "AC.png"
        },
        {
            "group": "3",
            "id": "usplnDSECSN1sLAB001",
            "image": "DS.png"
        },
        {
            "group": "2",
            "id": "usplnACECSN1Lab011",
            "image": "AC.png"
        },
        {
            "group": "2",
            "id": "usplnACECSN1Lab009",
            "image": "AC.png"
        },
        {
            "group": "1",
            "id": "plnSandDS101",
            "image": "default.png"
        },
        {
            "group": "2",
            "id": "usplnACECSN1Lab007",
            "image": "AC.png"
        },
        {
            "group": "2",
            "id": "usplnACECSN1Lab003",
            "image": "AC.png"
        },
        {
            "group": "2",
            "id": "usplnACECSN1Lab005",
            "image": "AC.png"
        },
        {
            "group": "2",
            "id": "usplnACECSN1Lab001",
            "image": "AC.png"
        },
        {
            "group": "1",
            "id": "D5-T013-U22-ICB02",
            "image": "default.png"
        },
        {
            "group": "1",
            "id": "D5-T013-U22-ICB01",
            "image": "default.png"
        },
        {
            "group": "1",
            "id": "D5-T09-U12-ICB05",
            "image": "default.png"
        },
        {
            "group": "1",
            "id": "D5-T09-U12-ICB06",
            "image": "default.png"
        },
        {
            "group": "2",
            "id": "USPLNACECSN1Lab029",
            "image": "AC.png"
        },
        {
            "group": "1",
            "id": "",
            "image": "default.png"
        },
        {
            "group": "1",
            "id": "D5-T17-U01-ICB-1",
            "image": "default.png"
        },
        {
            "group": "1",
            "id": "D5-T17-U01-ICB-2",
            "image": "default.png"
        },
        {
            "group": "2",
            "id": "USPLNACECSN1-SAP900-01",
            "image": "AC.png"
        },
        {
            "group": "1",
            "id": "D5-T012-U11-ICB05",
            "image": "default.png"
        },
        {
            "group": "1",
            "id": "D5-T012-U11-ICB02",
            "image": "default.png"
        },
        {
            "group": "1",
            "id": "D5-T012-U11-ICB01",
            "image": "default.png"
        },
        {
            "group": "1",
            "id": "D5-T012-U11-ICB06",
            "image": "default.png"
        },
        {
            "group": "1",
            "id": "D5-T011-U12-ICB01",
            "image": "default.png"
        },
        {
            "group": "1",
            "id": "D5-T011-U12-ICB02",
            "image": "default.png"
        },
        {
            "group": "1",
            "id": "D5-T011-U12-ICB05",
            "image": "default.png"
        },
        {
            "group": "1",
            "id": "D5-T011-U12-ICB06",
            "image": "default.png"
        },
        {
            "group": "1",
            "id": "D5-T011-U01-ICB01",
            "image": "default.png"
        },
        {
            "group": "1",
            "id": "D5-T012-U01-ICB01",
            "image": "default.png"
        },
        {
            "group": "1",
            "id": "D5-T011-U01-ICB02",
            "image": "default.png"
        },
        {
            "group": "1",
            "id": "D5-T012-U01-ICB02",
            "image": "default.png"
        },
        {
            "group": "1",
            "id": "VCEX3C40460010 SERIAL NO:3C40460010 BAY:2",
            "image": "default.png"
        },
        {
            "group": "1",
            "id": "VCEX3C4138015X SERIAL NO:3C4138015X BAY:1",
            "image": "default.png"
        },
        {
            "group": "1",
            "id": "VCEX3C4138015G SERIAL NO:3C4138015G BAY:2",
            "image": "default.png"
        },
        {
            "group": "1",
            "id": "VCEX3C40460021 SERIAL NO:3C40460021 BAY:1",
            "image": "default.png"
        },
        {
            "group": "1",
            "id": "D5-T013-U11-ICB02",
            "image": "default.png"
        },
        {
            "group": "1",
            "id": "D5-T013-U11-ICB01",
            "image": "default.png"
        },
        {
            "group": "1",
            "id": "D5-T013-U01-ICB01",
            "image": "default.png"
        },
        {
            "group": "1",
            "id": "D5-T013-U01-ICB02",
            "image": "default.png"
        },
        {
            "group": "5",
            "id": "USPLNL3N1Lab001",
            "image": "L3.png"
        },
        {
            "group": "5",
            "id": "USPLNL3N1Lab002",
            "image": "L3.png"
        },
        {
            "group": "1",
            "id": "usplnecsN1Lab055",
            "image": "default.png"
        },
        {
            "group": "1",
            "id": "USPLNDPecsN1Lab001",
            "image": "default.png"
        }
    ]
}