{
    "links": [
        {
            "source": "usplnDSECSN1Lab001",
            "target": "usplnDSECSN1Lab001",
            "value": "1"
        },
        {
            "source": "usplnDSECSN1Lab001",
            "target": "usplnDSECSLab001",
            "value": "10"
        },
        {
            "source": "usplnDSECSN1Lab001",
            "target": "usplnACECSN1Lab015",
            "value": "10"
        },
        {
            "source": "usplnDSECSN1Lab001",
            "target": "usplnACECSN1Lab013",
            "value": "10"
        },
        {
            "source": "usplnDSECSN1Lab001",
            "target": "USPLNL2ecsN1Lab001",
            "value": "10"
        },
        {
            "source": "usplnDSECSN1Lab001",
            "target": "usplnacecsN1Lab027",
            "value": "10"
        },
        {
            "source": "usplnDSECSN1Lab001",
            "target": "usplnACECSN1Lab017",
            "value": "10"
        },
        {
            "source": "usplnDSECSN1Lab001",
            "target": "D5-T08-U12-ICB-1",
            "value": "10"
        },
        {
            "source": "usplnDSECSN1Lab001",
            "target": "D5-T08-U01-ICB02",
            "value": "10"
        },
        {
            "source": "usplnDSECSN1Lab001",
            "target": "D5-T08-U01-ICB01",
            "value": "10"
        },
        {
            "source": "usplnDSECSN1Lab001",
            "target": "usplnACECSN1Lab019",
            "value": "10"
        },
        {
            "source": "usplnDSECSN1Lab001",
            "target": "usplnACECSN1Lab023",
            "value": "10"
        },
        {
            "source": "usplnDSECSN1Lab001",
            "target": "usplnACECSN1Lab021",
            "value": "10"
        },
        {
            "source": "usplnDSECSN1Lab001",
            "target": "usplnDSECSN1sLAB001",
            "value": "10"
        },
        {
            "source": "usplnDSECSN1Lab001",
            "target": "plnSandDS101",
            "value": "10"
        },
        {
            "source": "usplnDSECSN1Lab001",
            "target": "usplnACECSN1Lab003",
            "value": "10"
        },
        {
            "source": "usplnDSECSN1Lab001",
            "target": "usplnACECSN1Lab009",
            "value": "10"
        },
        {
            "source": "usplnDSECSN1Lab001",
            "target": "usplnACECSN1Lab007",
            "value": "10"
        },
        {
            "source": "usplnDSECSN1Lab001",
            "target": "usplnACECSN1Lab011",
            "value": "10"
        },
        {
            "source": "usplnDSECSN1Lab001",
            "target": "usplnACECSN1Lab005",
            "value": "10"
        },
        {
            "source": "usplnDSECSN1Lab001",
            "target": "usplnACECSN1Lab001",
            "value": "10"
        },
        {
            "source": "usplnACECSN1Lab001",
            "target": "D5-T013-U22-ICB02",
            "value": "10"
        },
        {
            "source": "usplnACECSN1Lab001",
            "target": "D5-T013-U22-ICB01",
            "value": "10"
        },
        {
            "source": "usplnACECSN1Lab001",
            "target": "D5-T09-U12-ICB05",
            "value": "1"
        },
        {
            "source": "usplnACECSN1Lab001",
            "target": "D5-T09-U12-ICB06",
            "value": "1"
        },
        {
            "source": "usplnACECSN1Lab003",
            "target": "USPLNACECSN1Lab029",
            "value": "1"
        },
        {
            "source": "usplnACECSN1Lab003",
            "target": "",
            "value": "1"
        },
        {
            "source": "usplnACECSN1Lab005",
            "target": "D5-T17-U01-ICB-1",
            "value": "10"
        },
        {
            "source": "usplnACECSN1Lab005",
            "target": "D5-T17-U01-ICB-2",
            "value": "10"
        },
        {
            "source": "usplnACECSN1Lab007",
            "target": "USPLNACECSN1-SAP900-01",
            "value": "10"
        },
        {
            "source": "usplnACECSN1Lab009",
            "target": "D5-T012-U11-ICB05",
            "value": "1"
        },
        {
            "source": "usplnACECSN1Lab009",
            "target": "D5-T012-U11-ICB02",
            "value": "1"
        },
        {
            "source": "usplnACECSN1Lab009",
            "target": "D5-T012-U11-ICB01",
            "value": "1"
        },
        {
            "source": "usplnACECSN1Lab009",
            "target": "D5-T012-U11-ICB06",
            "value": "1"
        },
        {
            "source": "usplnACECSN1Lab009",
            "target": "D5-T011-U12-ICB01",
            "value": "1"
        },
        {
            "source": "usplnACECSN1Lab009",
            "target": "D5-T011-U12-ICB02",
            "value": "1"
        },
        {
            "source": "usplnACECSN1Lab009",
            "target": "D5-T011-U12-ICB05",
            "value": "1"
        },
        {
            "source": "usplnACECSN1Lab009",
            "target": "D5-T011-U12-ICB06",
            "value": "1"
        },
        {
            "source": "usplnACECSN1Lab009",
            "target": "D5-T011-U01-ICB01",
            "value": "1"
        },
        {
            "source": "usplnACECSN1Lab009",
            "target": "D5-T012-U01-ICB01",
            "value": "1"
        },
        {
            "source": "usplnACECSN1Lab009",
            "target": "D5-T011-U01-ICB02",
            "value": "1"
        },
        {
            "source": "usplnACECSN1Lab009",
            "target": "D5-T012-U01-ICB02",
            "value": "1"
        },
        {
            "source": "usplnACECSN1Lab011",
            "target": "VCEX3C40460010 SERIAL NO:3C40460010 BAY:2",
            "value": "1"
        },
        {
            "source": "usplnACECSN1Lab011",
            "target": "VCEX3C4138015X SERIAL NO:3C4138015X BAY:1",
            "value": "1"
        },
        {
            "source": "usplnACECSN1Lab011",
            "target": "VCEX3C4138015G SERIAL NO:3C4138015G BAY:2",
            "value": "1"
        },
        {
            "source": "usplnACECSN1Lab011",
            "target": "VCEX3C40460021 SERIAL NO:3C40460021 BAY:1",
            "value": "1"
        },
        {
            "source": "usplnACECSN1Lab011",
            "target": "D5-T013-U11-ICB02",
            "value": "1"
        },
        {
            "source": "usplnACECSN1Lab011",
            "target": "D5-T013-U11-ICB01",
            "value": "1"
        },
        {
            "source": "usplnACECSN1Lab011",
            "target": "D5-T013-U01-ICB01",
            "value": "1"
        },
        {
            "source": "usplnACECSN1Lab011",
            "target": "D5-T013-U01-ICB02",
            "value": "1"
        },
        {
            "source": "USPLNL2ecsN1Lab001",
            "target": "USPLNL3N1Lab001",
            "value": "40"
        },
        {
            "source": "USPLNL2ecsN1Lab001",
            "target": "USPLNL3N1Lab002",
            "value": "40"
        },
        {
            "source": "USPLNL2ecsN1Lab001",
            "target": "usplnecsN1Lab055",
            "value": "40"
        },
        {
            "source": "USPLNL2ecsN1Lab001",
            "target": "USPLNDPecsN1Lab001",
            "value": "40"
        }
    ],
    "nodes": [
        {
            "group": "3",
            "id": "usplnDSECSN1Lab001",
            "image": "DS.png"
        },
        {
            "group": "3",
            "id": "usplnDSECSLab001",
            "image": "DS.png"
        },
        {
            "group": "2",
            "id": "usplnACECSN1Lab015",
            "image": "AC.png"
        },
        {
            "group": "2",
            "id": "usplnACECSN1Lab013",
            "image": "AC.png"
        },
        {
            "group": "4",
            "id": "USPLNL2ecsN1Lab001",
            "image": "L2.png"
        },
        {
            "group": "1",
            "id": "usplnacecsN1Lab027",
            "image": "default.png"
        },
        {
            "group": "2",
            "id": "usplnACECSN1Lab017",
            "image": "AC.png"
        },
        {
            "group": "1",
            "id": "D5-T08-U12-ICB-1",
            "image": "default.png"
        },
        {
            "group": "1",
            "id": "D5-T08-U01-ICB02",
            "image": "default.png"
        },
        {
            "group": "1",
            "id": "D5-T08-U01-ICB01",
            "image": "default.png"
        },
        {
            "group": "2",
            "id": "usplnACECSN1Lab019",
            "image": "AC.png"
        },
        {
            "group": "2",
            "id": "usplnACECSN1Lab023",
            "image": "AC.png"
        },
        {
            "group": "2",
            "id": "usplnACECSN1Lab021",
            "image": "AC.png"
        },
        {
            "group": "3",
            "id": "usplnDSECSN1sLAB001",
            "image": "DS.png"
        },
        {
            "group": "1",
            "id": "plnSandDS101",
            "image": "default.png"
        },
        {
            "group": "2",
            "id": "usplnACECSN1Lab003",
            "image": "AC.png"
        },
        {
            "group": "2",
            "id": "usplnACECSN1Lab009",
            "image": "AC.png"
        },
        {
            "group": "2",
            "id": "usplnACECSN1Lab007",
            "image": "AC.png"
        },
        {
            "group": "2",
            "id": "usplnACECSN1Lab011",
            "image": "AC.png"
        },
        {
            "group": "2",
            "id": "usplnACECSN1Lab005",
            "image": "AC.png"
        },
        {
            "group": "2",
            "id": "usplnACECSN1Lab001",
            "image": "AC.png"
        },
        {
            "group": "1",
            "id": "D5-T013-U22-ICB02",
            "image": "default.png"
        },
        {
            "group": "1",
            "id": "D5-T013-U22-ICB01",
            "image": "default.png"
        },
        {
            "group": "1",
            "id": "D5-T09-U12-ICB05",
            "image": "default.png"
        },
        {
            "group": "1",
            "id": "D5-T09-U12-ICB06",
            "image": "default.png"
        },
        {
            "group": "2",
            "id": "USPLNACECSN1Lab029",
            "image": "AC.png"
        },
        {
            "group": "1",
            "id": "",
            "image": "default.png"
        },
        {
            "group": "1",
            "id": "D5-T17-U01-ICB-1",
            "image": "default.png"
        },
        {
            "group": "1",
            "id": "D5-T17-U01-ICB-2",
            "image": "default.png"
        },
        {
            "group": "2",
            "id": "USPLNACECSN1-SAP900-01",
            "image": "AC.png"
        },
        {
            "group": "1",
            "id": "D5-T012-U11-ICB05",
            "image": "default.png"
        },
        {
            "group": "1",
            "id": "D5-T012-U11-ICB02",
            "image": "default.png"
        },
        {
            "group": "1",
            "id": "D5-T012-U11-ICB01",
            "image": "default.png"
        },
        {
            "group": "1",
            "id": "D5-T012-U11-ICB06",
            "image": "default.png"
        },
        {
            "group": "1",
            "id": "D5-T011-U12-ICB01",
            "image": "default.png"
        },
        {
            "group": "1",
            "id": "D5-T011-U12-ICB02",
            "image": "default.png"
        },
        {
            "group": "1",
            "id": "D5-T011-U12-ICB05",
            "image": "default.png"
        },
        {
            "group": "1",
            "id": "D5-T011-U12-ICB06",
            "image": "default.png"
        },
        {
            "group": "1",
            "id": "D5-T011-U01-ICB01",
            "image": "default.png"
        },
        {
            "group": "1",
            "id": "D5-T012-U01-ICB01",
            "image": "default.png"
        },
        {
            "group": "1",
            "id": "D5-T011-U01-ICB02",
            "image": "default.png"
        },
        {
            "group": "1",
            "id": "D5-T012-U01-ICB02",
            "image": "default.png"
        },
        {
            "group": "1",
            "id": "VCEX3C40460010 SERIAL NO:3C40460010 BAY:2",
            "image": "default.png"
        },
        {
            "group": "1",
            "id": "VCEX3C4138015X SERIAL NO:3C4138015X BAY:1",
            "image": "default.png"
        },
        {
            "group": "1",
            "id": "VCEX3C4138015G SERIAL NO:3C4138015G BAY:2",
            "image": "default.png"
        },
        {
            "group": "1",
            "id": "VCEX3C40460021 SERIAL NO:3C40460021 BAY:1",
            "image": "default.png"
        },
        {
            "group": "1",
            "id": "D5-T013-U11-ICB02",
            "image": "default.png"
        },
        {
            "group": "1",
            "id": "D5-T013-U11-ICB01",
            "image": "default.png"
        },
        {
            "group": "1",
            "id": "D5-T013-U01-ICB01",
            "image": "default.png"
        },
        {
            "group": "1",
            "id": "D5-T013-U01-ICB02",
            "image": "default.png"
        },
        {
            "group": "5",
            "id": "USPLNL3N1Lab001",
            "image": "L3.png"
        },
        {
            "group": "5",
            "id": "USPLNL3N1Lab002",
            "image": "L3.png"
        },
        {
            "group": "1",
            "id": "usplnecsN1Lab055",
            "image": "default.png"
        },
        {
            "group": "1",
            "id": "USPLNDPecsN1Lab001",
            "image": "default.png"
        }
    ]
}