{
    "VSR1000": {
        "interfaces": [
            {
                "ifDescr": "GigabitEthernet1/0",
                "index": 17,
                "last_ifHCInOctets": "1261500",
                "last_ifHCOutOctets": "1304664",
                "last_timestamp": 1561153651,
                "stats": [
                    {
                        "InSpeed": 0,
                        "OutSpeed": 0,
                        "time": "2019-06-21 23:43:53"
                    },
                    {
                        "InSpeed": 0,
                        "OutSpeed": 0,
                        "time": "2019-06-21 23:43:59"
                    },
                    {
                        "InSpeed": 0,
                        "OutSpeed": 0,
                        "time": "2019-06-21 23:46:24"
                    },
                    {
                        "InSpeed": 0,
                        "OutSpeed": 0,
                        "time": "2019-06-21 23:46:30"
                    },
                    {
                        "InSpeed": 0,
                        "OutSpeed": 0,
                        "time": "2019-06-21 23:46:35"
                    },
                    {
                        "InSpeed": 0,
                        "OutSpeed": 0,
                        "time": "2019-06-21 23:46:41"
                    },
                    {
                        "InSpeed": 0,
                        "OutSpeed": 0,
                        "time": "2019-06-21 23:46:47"
                    },
                    {
                        "InSpeed": 0,
                        "OutSpeed": 0,
                        "time": "2019-06-21 23:46:52"
                    },
                    {
                        "InSpeed": 0,
                        "OutSpeed": 0,
                        "time": "2019-06-21 23:46:58"
                    },
                    {
                        "InSpeed": 0,
                        "OutSpeed": 0,
                        "time": "2019-06-21 23:47:03"
                    },
                    {
                        "InSpeed": 0,
                        "OutSpeed": 0,
                        "time": "2019-06-21 23:47:09"
                    },
                    {
                        "InSpeed": 0,
                        "OutSpeed": 0,
                        "time": "2019-06-21 23:47:14"
                    },
                    {
                        "InSpeed": 0,
                        "OutSpeed": 0,
                        "time": "2019-06-21 23:47:20"
                    },
                    {
                        "InSpeed": 0,
                        "OutSpeed": 0,
                        "time": "2019-06-21 23:47:25"
                    },
                    {
                        "InSpeed": 0,
                        "OutSpeed": 0,
                        "time": "2019-06-21 23:47:31"
                    }
                ],
                "utilization": 0
            },
            {
                "ifDescr": "GigabitEthernet2/0",
                "index": 33,
                "last_ifHCInOctets": "530017",
                "last_ifHCOutOctets": "218206",
                "last_timestamp": 1561153651,
                "stats": [
                    {
                        "InSpeed": 0,
                        "OutSpeed": 0,
                        "time": "2019-06-21 23:43:53"
                    },
                    {
                        "InSpeed": 0,
                        "OutSpeed": 0,
                        "time": "2019-06-21 23:43:59"
                    },
                    {
                        "InSpeed": 0,
                        "OutSpeed": 0,
                        "time": "2019-06-21 23:46:24"
                    },
                    {
                        "InSpeed": 0,
                        "OutSpeed": 0,
                        "time": "2019-06-21 23:46:30"
                    },
                    {
                        "InSpeed": 0,
                        "OutSpeed": 0,
                        "time": "2019-06-21 23:46:35"
                    },
                    {
                        "InSpeed": 0,
                        "OutSpeed": 0,
                        "time": "2019-06-21 23:46:41"
                    },
                    {
                        "InSpeed": 0,
                        "OutSpeed": 0,
                        "time": "2019-06-21 23:46:47"
                    },
                    {
                        "InSpeed": 0,
                        "OutSpeed": 0,
                        "time": "2019-06-21 23:46:52"
                    },
                    {
                        "InSpeed": 0,
                        "OutSpeed": 0,
                        "time": "2019-06-21 23:46:58"
                    },
                    {
                        "InSpeed": 0,
                        "OutSpeed": 0,
                        "time": "2019-06-21 23:47:03"
                    },
                    {
                        "InSpeed": 0,
                        "OutSpeed": 0,
                        "time": "2019-06-21 23:47:09"
                    },
                    {
                        "InSpeed": 0,
                        "OutSpeed": 0,
                        "time": "2019-06-21 23:47:14"
                    },
                    {
                        "InSpeed": 0,
                        "OutSpeed": 0,
                        "time": "2019-06-21 23:47:20"
                    },
                    {
                        "InSpeed": 0,
                        "OutSpeed": 0,
                        "time": "2019-06-21 23:47:25"
                    },
                    {
                        "InSpeed": 0,
                        "OutSpeed": 0,
                        "time": "2019-06-21 23:47:31"
                    }
                ],
                "utilization": 0
            },
            {
                "ifDescr": "GigabitEthernet3/0",
                "index": 49,
                "last_ifHCInOctets": "499906",
                "last_ifHCOutOctets": "219106",
                "last_timestamp": 1561153651,
                "stats": [
                    {
                        "InSpeed": 0,
                        "OutSpeed": 0,
                        "time": "2019-06-21 23:43:53"
                    },
                    {
                        "InSpeed": 0,
                        "OutSpeed": 0,
                        "time": "2019-06-21 23:43:59"
                    },
                    {
                        "InSpeed": 0,
                        "OutSpeed": 0,
                        "time": "2019-06-21 23:46:24"
                    },
                    {
                        "InSpeed": 0,
                        "OutSpeed": 0,
                        "time": "2019-06-21 23:46:30"
                    },
                    {
                        "InSpeed": 0,
                        "OutSpeed": 0,
                        "time": "2019-06-21 23:46:35"
                    },
                    {
                        "InSpeed": 0,
                        "OutSpeed": 0,
                        "time": "2019-06-21 23:46:41"
                    },
                    {
                        "InSpeed": 0,
                        "OutSpeed": 0,
                        "time": "2019-06-21 23:46:47"
                    },
                    {
                        "InSpeed": 0,
                        "OutSpeed": 0,
                        "time": "2019-06-21 23:46:52"
                    },
                    {
                        "InSpeed": 0,
                        "OutSpeed": 0,
                        "time": "2019-06-21 23:46:58"
                    },
                    {
                        "InSpeed": 0,
                        "OutSpeed": 0,
                        "time": "2019-06-21 23:47:03"
                    },
                    {
                        "InSpeed": 0,
                        "OutSpeed": 0,
                        "time": "2019-06-21 23:47:09"
                    },
                    {
                        "InSpeed": 0,
                        "OutSpeed": 0,
                        "time": "2019-06-21 23:47:14"
                    },
                    {
                        "InSpeed": 0,
                        "OutSpeed": 0,
                        "time": "2019-06-21 23:47:20"
                    },
                    {
                        "InSpeed": 0,
                        "OutSpeed": 0,
                        "time": "2019-06-21 23:47:25"
                    },
                    {
                        "InSpeed": 0,
                        "OutSpeed": 0,
                        "time": "2019-06-21 23:47:31"
                    }
                ],
                "utilization": 0
            }
        ]
    },
    "VSR1000-2": {
        "interfaces": [
            {
                "ifDescr": "GigabitEthernet1/0",
                "index": 17,
                "last_ifHCInOctets": "130951661249",
                "last_ifHCOutOctets": "194511460337",
                "last_timestamp": 1561153651,
                "stats": [
                    {
                        "InSpeed": 470,
                        "OutSpeed": 408,
                        "time": "2019-06-21 23:43:54"
                    },
                    {
                        "InSpeed": 528,
                        "OutSpeed": 486,
                        "time": "2019-06-21 23:43:59"
                    },
                    {
                        "InSpeed": 464,
                        "OutSpeed": 409,
                        "time": "2019-06-21 23:46:24"
                    },
                    {
                        "InSpeed": 495,
                        "OutSpeed": 349,
                        "time": "2019-06-21 23:46:30"
                    },
                    {
                        "InSpeed": 493,
                        "OutSpeed": 351,
                        "time": "2019-06-21 23:46:36"
                    },
                    {
                        "InSpeed": 644,
                        "OutSpeed": 389,
                        "time": "2019-06-21 23:46:41"
                    },
                    {
                        "InSpeed": 477,
                        "OutSpeed": 319,
                        "time": "2019-06-21 23:46:47"
                    },
                    {
                        "InSpeed": 1041,
                        "OutSpeed": 4,
                        "time": "2019-06-21 23:46:52"
                    },
                    {
                        "InSpeed": 1057,
                        "OutSpeed": 3,
                        "time": "2019-06-21 23:46:58"
                    },
                    {
                        "InSpeed": 1009,
                        "OutSpeed": 2,
                        "time": "2019-06-21 23:47:04"
                    },
                    {
                        "InSpeed": 0,
                        "OutSpeed": 0,
                        "time": "2019-06-21 23:47:09"
                    },
                    {
                        "InSpeed": 0,
                        "OutSpeed": 0,
                        "time": "2019-06-21 23:47:14"
                    },
                    {
                        "InSpeed": 929,
                        "OutSpeed": 2,
                        "time": "2019-06-21 23:47:20"
                    },
                    {
                        "InSpeed": 1152,
                        "OutSpeed": 1,
                        "time": "2019-06-21 23:47:26"
                    },
                    {
                        "InSpeed": 1416,
                        "OutSpeed": 2,
                        "time": "2019-06-21 23:47:31"
                    }
                ],
                "utilization": 141
            },
            {
                "ifDescr": "GigabitEthernet2/0",
                "index": 33,
                "last_ifHCInOctets": "530379",
                "last_ifHCOutOctets": "219662",
                "last_timestamp": 1561153651,
                "stats": [
                    {
                        "InSpeed": 0,
                        "OutSpeed": 0,
                        "time": "2019-06-21 23:43:54"
                    },
                    {
                        "InSpeed": 0,
                        "OutSpeed": 0,
                        "time": "2019-06-21 23:43:59"
                    },
                    {
                        "InSpeed": 0,
                        "OutSpeed": 0,
                        "time": "2019-06-21 23:46:24"
                    },
                    {
                        "InSpeed": 0,
                        "OutSpeed": 0,
                        "time": "2019-06-21 23:46:30"
                    },
                    {
                        "InSpeed": 0,
                        "OutSpeed": 0,
                        "time": "2019-06-21 23:46:36"
                    },
                    {
                        "InSpeed": 0,
                        "OutSpeed": 0,
                        "time": "2019-06-21 23:46:41"
                    },
                    {
                        "InSpeed": 0,
                        "OutSpeed": 0,
                        "time": "2019-06-21 23:46:47"
                    },
                    {
                        "InSpeed": 0,
                        "OutSpeed": 0,
                        "time": "2019-06-21 23:46:52"
                    },
                    {
                        "InSpeed": 0,
                        "OutSpeed": 0,
                        "time": "2019-06-21 23:46:58"
                    },
                    {
                        "InSpeed": 0,
                        "OutSpeed": 0,
                        "time": "2019-06-21 23:47:04"
                    },
                    {
                        "InSpeed": 0,
                        "OutSpeed": 0,
                        "time": "2019-06-21 23:47:09"
                    },
                    {
                        "InSpeed": 0,
                        "OutSpeed": 0,
                        "time": "2019-06-21 23:47:14"
                    },
                    {
                        "InSpeed": 0,
                        "OutSpeed": 0,
                        "time": "2019-06-21 23:47:20"
                    },
                    {
                        "InSpeed": 0,
                        "OutSpeed": 0,
                        "time": "2019-06-21 23:47:26"
                    },
                    {
                        "InSpeed": 0,
                        "OutSpeed": 0,
                        "time": "2019-06-21 23:47:31"
                    }
                ],
                "utilization": 0
            },
            {
                "ifDescr": "GigabitEthernet3/0",
                "index": 49,
                "last_ifHCInOctets": "194510667170",
                "last_ifHCOutOctets": "130953146596",
                "last_timestamp": 1561153651,
                "stats": [
                    {
                        "InSpeed": 408,
                        "OutSpeed": 470,
                        "time": "2019-06-21 23:43:54"
                    },
                    {
                        "InSpeed": 485,
                        "OutSpeed": 528,
                        "time": "2019-06-21 23:43:59"
                    },
                    {
                        "InSpeed": 409,
                        "OutSpeed": 464,
                        "time": "2019-06-21 23:46:24"
                    },
                    {
                        "InSpeed": 348,
                        "OutSpeed": 496,
                        "time": "2019-06-21 23:46:30"
                    },
                    {
                        "InSpeed": 351,
                        "OutSpeed": 492,
                        "time": "2019-06-21 23:46:36"
                    },
                    {
                        "InSpeed": 389,
                        "OutSpeed": 645,
                        "time": "2019-06-21 23:46:41"
                    },
                    {
                        "InSpeed": 318,
                        "OutSpeed": 475,
                        "time": "2019-06-21 23:46:47"
                    },
                    {
                        "InSpeed": 4,
                        "OutSpeed": 1044,
                        "time": "2019-06-21 23:46:52"
                    },
                    {
                        "InSpeed": 3,
                        "OutSpeed": 1058,
                        "time": "2019-06-21 23:46:58"
                    },
                    {
                        "InSpeed": 2,
                        "OutSpeed": 1005,
                        "time": "2019-06-21 23:47:04"
                    },
                    {
                        "InSpeed": 0,
                        "OutSpeed": 0,
                        "time": "2019-06-21 23:47:09"
                    },
                    {
                        "InSpeed": 0,
                        "OutSpeed": 0,
                        "time": "2019-06-21 23:47:14"
                    },
                    {
                        "InSpeed": 2,
                        "OutSpeed": 932,
                        "time": "2019-06-21 23:47:20"
                    },
                    {
                        "InSpeed": 1,
                        "OutSpeed": 1153,
                        "time": "2019-06-21 23:47:26"
                    },
                    {
                        "InSpeed": 2,
                        "OutSpeed": 1416,
                        "time": "2019-06-21 23:47:31"
                    }
                ],
                "utilization": 141
            }
        ]
    },
    "VSR1000-3": {
        "interfaces": [
            {
                "ifDescr": "GigabitEthernet1/0",
                "index": 17,
                "last_ifHCInOctets": "1254309",
                "last_ifHCOutOctets": "1294718",
                "last_timestamp": 1561153651,
                "stats": [
                    {
                        "InSpeed": 0,
                        "OutSpeed": 0,
                        "time": "2019-06-21 23:43:54"
                    },
                    {
                        "InSpeed": 0,
                        "OutSpeed": 0,
                        "time": "2019-06-21 23:43:59"
                    },
                    {
                        "InSpeed": 0,
                        "OutSpeed": 0,
                        "time": "2019-06-21 23:46:25"
                    },
                    {
                        "InSpeed": 0,
                        "OutSpeed": 0,
                        "time": "2019-06-21 23:46:30"
                    },
                    {
                        "InSpeed": 0,
                        "OutSpeed": 0,
                        "time": "2019-06-21 23:46:36"
                    },
                    {
                        "InSpeed": 0,
                        "OutSpeed": 0,
                        "time": "2019-06-21 23:46:42"
                    },
                    {
                        "InSpeed": 0,
                        "OutSpeed": 0,
                        "time": "2019-06-21 23:46:47"
                    },
                    {
                        "InSpeed": 0,
                        "OutSpeed": 0,
                        "time": "2019-06-21 23:46:53"
                    },
                    {
                        "InSpeed": 0,
                        "OutSpeed": 0,
                        "time": "2019-06-21 23:46:58"
                    },
                    {
                        "InSpeed": 0,
                        "OutSpeed": 0,
                        "time": "2019-06-21 23:47:04"
                    },
                    {
                        "InSpeed": 0,
                        "OutSpeed": 0,
                        "time": "2019-06-21 23:47:09"
                    },
                    {
                        "InSpeed": 0,
                        "OutSpeed": 0,
                        "time": "2019-06-21 23:47:15"
                    },
                    {
                        "InSpeed": 0,
                        "OutSpeed": 0,
                        "time": "2019-06-21 23:47:20"
                    },
                    {
                        "InSpeed": 0,
                        "OutSpeed": 0,
                        "time": "2019-06-21 23:47:26"
                    },
                    {
                        "InSpeed": 0,
                        "OutSpeed": 0,
                        "time": "2019-06-21 23:47:31"
                    }
                ],
                "utilization": 0
            },
            {
                "ifDescr": "GigabitEthernet2/0",
                "index": 33,
                "last_ifHCInOctets": "528923",
                "last_ifHCOutOctets": "219662",
                "last_timestamp": 1561153651,
                "stats": [
                    {
                        "InSpeed": 0,
                        "OutSpeed": 0,
                        "time": "2019-06-21 23:43:54"
                    },
                    {
                        "InSpeed": 0,
                        "OutSpeed": 0,
                        "time": "2019-06-21 23:43:59"
                    },
                    {
                        "InSpeed": 0,
                        "OutSpeed": 0,
                        "time": "2019-06-21 23:46:25"
                    },
                    {
                        "InSpeed": 0,
                        "OutSpeed": 0,
                        "time": "2019-06-21 23:46:30"
                    },
                    {
                        "InSpeed": 0,
                        "OutSpeed": 0,
                        "time": "2019-06-21 23:46:36"
                    },
                    {
                        "InSpeed": 0,
                        "OutSpeed": 0,
                        "time": "2019-06-21 23:46:42"
                    },
                    {
                        "InSpeed": 0,
                        "OutSpeed": 0,
                        "time": "2019-06-21 23:46:47"
                    },
                    {
                        "InSpeed": 0,
                        "OutSpeed": 0,
                        "time": "2019-06-21 23:46:53"
                    },
                    {
                        "InSpeed": 0,
                        "OutSpeed": 0,
                        "time": "2019-06-21 23:46:58"
                    },
                    {
                        "InSpeed": 0,
                        "OutSpeed": 0,
                        "time": "2019-06-21 23:47:04"
                    },
                    {
                        "InSpeed": 0,
                        "OutSpeed": 0,
                        "time": "2019-06-21 23:47:09"
                    },
                    {
                        "InSpeed": 0,
                        "OutSpeed": 0,
                        "time": "2019-06-21 23:47:15"
                    },
                    {
                        "InSpeed": 0,
                        "OutSpeed": 0,
                        "time": "2019-06-21 23:47:20"
                    },
                    {
                        "InSpeed": 0,
                        "OutSpeed": 0,
                        "time": "2019-06-21 23:47:26"
                    },
                    {
                        "InSpeed": 0,
                        "OutSpeed": 0,
                        "time": "2019-06-21 23:47:31"
                    }
                ],
                "utilization": 0
            },
            {
                "ifDescr": "GigabitEthernet3/0",
                "index": 49,
                "last_ifHCInOctets": "530017",
                "last_ifHCOutOctets": "219662",
                "last_timestamp": 1561153651,
                "stats": [
                    {
                        "InSpeed": 0,
                        "OutSpeed": 0,
                        "time": "2019-06-21 23:43:54"
                    },
                    {
                        "InSpeed": 0,
                        "OutSpeed": 0,
                        "time": "2019-06-21 23:44:00"
                    },
                    {
                        "InSpeed": 0,
                        "OutSpeed": 0,
                        "time": "2019-06-21 23:46:25"
                    },
                    {
                        "InSpeed": 0,
                        "OutSpeed": 0,
                        "time": "2019-06-21 23:46:30"
                    },
                    {
                        "InSpeed": 0,
                        "OutSpeed": 0,
                        "time": "2019-06-21 23:46:36"
                    },
                    {
                        "InSpeed": 0,
                        "OutSpeed": 0,
                        "time": "2019-06-21 23:46:42"
                    },
                    {
                        "InSpeed": 0,
                        "OutSpeed": 0,
                        "time": "2019-06-21 23:46:47"
                    },
                    {
                        "InSpeed": 0,
                        "OutSpeed": 0,
                        "time": "2019-06-21 23:46:53"
                    },
                    {
                        "InSpeed": 0,
                        "OutSpeed": 0,
                        "time": "2019-06-21 23:46:58"
                    },
                    {
                        "InSpeed": 0,
                        "OutSpeed": 0,
                        "time": "2019-06-21 23:47:04"
                    },
                    {
                        "InSpeed": 0,
                        "OutSpeed": 0,
                        "time": "2019-06-21 23:47:09"
                    },
                    {
                        "InSpeed": 0,
                        "OutSpeed": 0,
                        "time": "2019-06-21 23:47:15"
                    },
                    {
                        "InSpeed": 0,
                        "OutSpeed": 0,
                        "time": "2019-06-21 23:47:20"
                    },
                    {
                        "InSpeed": 0,
                        "OutSpeed": 0,
                        "time": "2019-06-21 23:47:26"
                    },
                    {
                        "InSpeed": 0,
                        "OutSpeed": 0,
                        "time": "2019-06-21 23:47:31"
                    }
                ],
                "utilization": 0
            }
        ]
    }
}