{
    "links": [
        {
            "source": "VSR1000",
            "target": "VSR1000-2",
            "speed": "1",
		"highest_utilization": "20"
        },
        {
            "source": "VSR1000",
            "target": "VSR1000-3",
                        "speed": "40",
		"highest_utilization": "90"
        },
        {
            "source": "VSR1000-2",
            "target": "VSR1000-3",
                        "speed": "10",
		"highest_utilization": "50"
        }
    ],
    "nodes": [
        {
            "group": "1",
            "id": "VSR1000",
            "image": "default.png"
        },
        {
            "group": "2",
            "id": "VSR1000-2",
            "image": "default.png"
        },
        {
            "group": "1",
            "id": "VSR1000-3",
            "image": "default.png"
        }
    ]
}
